Datetime,Open,High,Low,Close,Adj Close,Volume
2023-07-13 09:00:00+08:00,42.20000076293945,42.20000076293945,42.20000076293945,42.20000076293945,42.20000076293945,0
2023-07-13 09:05:00+08:00,42.599998474121094,42.599998474121094,42.599998474121094,42.599998474121094,42.599998474121094,384763
2023-07-13 09:10:00+08:00,43.0,43.0,43.0,43.0,43.0,521218
2023-07-13 09:15:00+08:00,42.95000076293945,42.95000076293945,42.95000076293945,42.95000076293945,42.95000076293945,602770
2023-07-13 09:20:00+08:00,42.75,42.75,42.75,42.75,42.75,266848
2023-07-13 09:25:00+08:00,42.900001525878906,42.900001525878906,42.900001525878906,42.900001525878906,42.900001525878906,329154
2023-07-13 09:30:00+08:00,43.400001525878906,43.400001525878906,43.400001525878906,43.400001525878906,43.400001525878906,407921
2023-07-13 09:35:00+08:00,43.650001525878906,43.650001525878906,43.650001525878906,43.650001525878906,43.650001525878906,390000
2023-07-13 09:40:00+08:00,44.0,44.0,44.0,44.0,44.0,372252
2023-07-13 09:45:00+08:00,43.95000076293945,43.95000076293945,43.95000076293945,43.95000076293945,43.95000076293945,367029
2023-07-13 09:50:00+08:00,43.599998474121094,43.599998474121094,43.599998474121094,43.599998474121094,43.599998474121094,173737
2023-07-13 09:55:00+08:00,43.54999923706055,43.54999923706055,43.54999923706055,43.54999923706055,43.54999923706055,280944
2023-07-13 10:00:00+08:00,43.5,43.5,43.5,43.5,43.5,220750
2023-07-13 10:05:00+08:00,43.5,43.5,43.5,43.5,43.5,118345
2023-07-13 10:10:00+08:00,43.5,43.5,43.5,43.5,43.5,149714
2023-07-13 10:15:00+08:00,43.599998474121094,43.599998474121094,43.599998474121094,43.599998474121094,43.599998474121094,146531
2023-07-13 10:20:00+08:00,43.95000076293945,43.95000076293945,43.95000076293945,43.95000076293945,43.95000076293945,163933
2023-07-13 10:25:00+08:00,44.099998474121094,44.099998474121094,44.099998474121094,44.099998474121094,44.099998474121094,540080
2023-07-13 10:30:00+08:00,44.349998474121094,44.349998474121094,44.349998474121094,44.349998474121094,44.349998474121094,972560
2023-07-13 10:35:00+08:00,44.349998474121094,44.349998474121094,44.349998474121094,44.349998474121094,44.349998474121094,988861
2023-07-13 10:40:00+08:00,43.599998474121094,43.599998474121094,43.599998474121094,43.599998474121094,43.599998474121094,394435
2023-07-13 10:45:00+08:00,43.900001525878906,43.900001525878906,43.900001525878906,43.900001525878906,43.900001525878906,227080
2023-07-13 10:50:00+08:00,44.150001525878906,44.150001525878906,44.150001525878906,44.150001525878906,44.150001525878906,162210
2023-07-13 10:55:00+08:00,44.150001525878906,44.150001525878906,44.150001525878906,44.150001525878906,44.150001525878906,124600
2023-07-13 11:00:00+08:00,43.95000076293945,43.95000076293945,43.95000076293945,43.95000076293945,43.95000076293945,168115
2023-07-13 11:05:00+08:00,43.95000076293945,43.95000076293945,43.95000076293945,43.95000076293945,43.95000076293945,36136
2023-07-13 11:10:00+08:00,44.0,44.0,44.0,44.0,44.0,53450
2023-07-13 11:15:00+08:00,44.099998474121094,44.099998474121094,44.099998474121094,44.099998474121094,44.099998474121094,129625
2023-07-13 11:20:00+08:00,44.150001525878906,44.150001525878906,44.150001525878906,44.150001525878906,44.150001525878906,79480
2023-07-13 11:25:00+08:00,44.20000076293945,44.20000076293945,44.20000076293945,44.20000076293945,44.20000076293945,80302
2023-07-13 11:30:00+08:00,44.25,44.25,44.25,44.25,44.25,45300
2023-07-13 11:35:00+08:00,44.25,44.25,44.25,44.25,44.25,78080
2023-07-13 11:40:00+08:00,44.29999923706055,44.29999923706055,44.29999923706055,44.29999923706055,44.29999923706055,100410
2023-07-13 11:45:00+08:00,44.349998474121094,44.349998474121094,44.349998474121094,44.349998474121094,44.349998474121094,140275
2023-07-13 11:50:00+08:00,44.349998474121094,44.349998474121094,44.349998474121094,44.349998474121094,44.349998474121094,112050
2023-07-13 11:55:00+08:00,44.349998474121094,44.349998474121094,44.349998474121094,44.349998474121094,44.349998474121094,42310
2023-07-13 12:00:00+08:00,44.349998474121094,44.349998474121094,44.349998474121094,44.349998474121094,44.349998474121094,57220
2023-07-13 12:05:00+08:00,44.349998474121094,44.349998474121094,44.349998474121094,44.349998474121094,44.349998474121094,76142
2023-07-13 12:10:00+08:00,44.349998474121094,44.349998474121094,44.349998474121094,44.349998474121094,44.349998474121094,63000
2023-07-13 12:15:00+08:00,44.349998474121094,44.349998474121094,44.349998474121094,44.349998474121094,44.349998474121094,71200
2023-07-13 12:20:00+08:00,44.349998474121094,44.349998474121094,44.349998474121094,44.349998474121094,44.349998474121094,92380
2023-07-13 12:25:00+08:00,44.20000076293945,44.20000076293945,44.20000076293945,44.20000076293945,44.20000076293945,140509
2023-07-13 12:30:00+08:00,44.0,44.0,44.0,44.0,44.0,159150
2023-07-13 12:35:00+08:00,43.95000076293945,43.95000076293945,43.95000076293945,43.95000076293945,43.95000076293945,131390
2023-07-13 12:40:00+08:00,43.599998474121094,43.599998474121094,43.599998474121094,43.599998474121094,43.599998474121094,234524
2023-07-13 12:45:00+08:00,42.599998474121094,42.599998474121094,42.599998474121094,42.599998474121094,42.599998474121094,286058
2023-07-13 12:50:00+08:00,42.5,42.5,42.5,42.5,42.5,270818
2023-07-13 12:55:00+08:00,42.5,42.5,42.5,42.5,42.5,175832
2023-07-13 13:00:00+08:00,42.25,42.25,42.25,42.25,42.25,129003
2023-07-13 13:05:00+08:00,42.20000076293945,42.20000076293945,42.20000076293945,42.20000076293945,42.20000076293945,121243
2023-07-13 13:10:00+08:00,42.25,42.25,42.25,42.25,42.25,142415
2023-07-13 13:15:00+08:00,42.5,42.5,42.5,42.5,42.5,100020
2023-07-13 13:20:00+08:00,43.20000076293945,43.20000076293945,43.20000076293945,43.20000076293945,43.20000076293945,114509
2023-07-14 09:00:00+08:00,44.20000076293945,44.20000076293945,44.20000076293945,44.20000076293945,44.20000076293945,0
2023-07-14 09:05:00+08:00,44.400001525878906,44.400001525878906,44.400001525878906,44.400001525878906,44.400001525878906,213095
2023-07-14 09:10:00+08:00,45.04999923706055,45.04999923706055,45.04999923706055,45.04999923706055,45.04999923706055,304284
2023-07-14 09:15:00+08:00,45.0,45.0,45.0,45.0,45.0,489669
2023-07-14 09:20:00+08:00,44.150001525878906,44.150001525878906,44.150001525878906,44.150001525878906,44.150001525878906,353411
2023-07-14 09:25:00+08:00,43.5,43.5,43.5,43.5,43.5,205119
2023-07-14 09:30:00+08:00,43.70000076293945,43.70000076293945,43.70000076293945,43.70000076293945,43.70000076293945,241338
2023-07-14 09:35:00+08:00,43.95000076293945,43.95000076293945,43.95000076293945,43.95000076293945,43.95000076293945,125000
2023-07-14 09:40:00+08:00,43.79999923706055,43.79999923706055,43.79999923706055,43.79999923706055,43.79999923706055,129400
2023-07-14 09:45:00+08:00,43.70000076293945,43.70000076293945,43.70000076293945,43.70000076293945,43.70000076293945,70799
2023-07-14 09:50:00+08:00,43.54999923706055,43.54999923706055,43.54999923706055,43.54999923706055,43.54999923706055,105825
2023-07-14 09:55:00+08:00,43.400001525878906,43.400001525878906,43.400001525878906,43.400001525878906,43.400001525878906,116201
2023-07-14 10:00:00+08:00,43.400001525878906,43.400001525878906,43.400001525878906,43.400001525878906,43.400001525878906,123400
2023-07-14 10:05:00+08:00,43.5,43.5,43.5,43.5,43.5,85401
2023-07-14 10:10:00+08:00,43.54999923706055,43.54999923706055,43.54999923706055,43.54999923706055,43.54999923706055,47020
2023-07-14 10:15:00+08:00,43.70000076293945,43.70000076293945,43.70000076293945,43.70000076293945,43.70000076293945,78330
2023-07-14 10:20:00+08:00,43.75,43.75,43.75,43.75,43.75,58200
2023-07-14 10:25:00+08:00,44.0,44.0,44.0,44.0,44.0,73000
2023-07-14 10:30:00+08:00,43.900001525878906,43.900001525878906,43.900001525878906,43.900001525878906,43.900001525878906,83700
2023-07-14 10:35:00+08:00,43.849998474121094,43.849998474121094,43.849998474121094,43.849998474121094,43.849998474121094,30591
2023-07-14 10:40:00+08:00,43.79999923706055,43.79999923706055,43.79999923706055,43.79999923706055,43.79999923706055,39096
2023-07-14 10:45:00+08:00,43.75,43.75,43.75,43.75,43.75,55196
2023-07-14 10:50:00+08:00,43.70000076293945,43.70000076293945,43.70000076293945,43.70000076293945,43.70000076293945,53532
2023-07-14 10:55:00+08:00,43.75,43.75,43.75,43.75,43.75,87376
2023-07-14 11:00:00+08:00,43.849998474121094,43.849998474121094,43.849998474121094,43.849998474121094,43.849998474121094,73000
2023-07-14 11:05:00+08:00,44.0,44.0,44.0,44.0,44.0,73189
2023-07-14 11:10:00+08:00,44.0,44.0,44.0,44.0,44.0,88521
2023-07-14 11:15:00+08:00,44.0,44.0,44.0,44.0,44.0,81060
2023-07-14 11:20:00+08:00,44.099998474121094,44.099998474121094,44.099998474121094,44.099998474121094,44.099998474121094,80770
2023-07-14 11:25:00+08:00,44.20000076293945,44.20000076293945,44.20000076293945,44.20000076293945,44.20000076293945,133235
2023-07-14 11:30:00+08:00,44.599998474121094,44.599998474121094,44.599998474121094,44.599998474121094,44.599998474121094,177958
2023-07-14 11:35:00+08:00,44.849998474121094,44.849998474121094,44.849998474121094,44.849998474121094,44.849998474121094,157301
2023-07-14 11:40:00+08:00,44.95000076293945,44.95000076293945,44.95000076293945,44.95000076293945,44.95000076293945,171513
2023-07-14 11:45:00+08:00,44.900001525878906,44.900001525878906,44.900001525878906,44.900001525878906,44.900001525878906,231790
2023-07-14 11:50:00+08:00,44.79999923706055,44.79999923706055,44.79999923706055,44.79999923706055,44.79999923706055,183384
2023-07-14 11:55:00+08:00,44.45000076293945,44.45000076293945,44.45000076293945,44.45000076293945,44.45000076293945,161125
2023-07-14 12:00:00+08:00,44.20000076293945,44.20000076293945,44.20000076293945,44.20000076293945,44.20000076293945,161340
2023-07-14 12:05:00+08:00,44.04999923706055,44.04999923706055,44.04999923706055,44.04999923706055,44.04999923706055,113160
2023-07-14 12:10:00+08:00,44.0,44.0,44.0,44.0,44.0,142185
2023-07-14 12:15:00+08:00,44.0,44.0,44.0,44.0,44.0,85069
2023-07-14 12:20:00+08:00,44.04999923706055,44.04999923706055,44.04999923706055,44.04999923706055,44.04999923706055,108071
2023-07-14 12:25:00+08:00,44.29999923706055,44.29999923706055,44.29999923706055,44.29999923706055,44.29999923706055,94022
2023-07-14 12:30:00+08:00,44.349998474121094,44.349998474121094,44.349998474121094,44.349998474121094,44.349998474121094,72599
2023-07-14 12:35:00+08:00,44.349998474121094,44.349998474121094,44.349998474121094,44.349998474121094,44.349998474121094,64176
2023-07-14 12:40:00+08:00,44.5,44.5,44.5,44.5,44.5,127800
2023-07-14 12:45:00+08:00,44.79999923706055,44.79999923706055,44.79999923706055,44.79999923706055,44.79999923706055,182844
2023-07-14 12:50:00+08:00,44.849998474121094,44.849998474121094,44.849998474121094,44.849998474121094,44.849998474121094,151640
2023-07-14 12:55:00+08:00,44.95000076293945,44.95000076293945,44.95000076293945,44.95000076293945,44.95000076293945,226695
2023-07-14 13:00:00+08:00,44.900001525878906,44.900001525878906,44.900001525878906,44.900001525878906,44.900001525878906,144150
2023-07-14 13:05:00+08:00,44.849998474121094,44.849998474121094,44.849998474121094,44.849998474121094,44.849998474121094,91009
2023-07-14 13:10:00+08:00,44.79999923706055,44.79999923706055,44.79999923706055,44.79999923706055,44.79999923706055,116300
2023-07-14 13:15:00+08:00,44.75,44.75,44.75,44.75,44.75,61408
2023-07-14 13:20:00+08:00,44.599998474121094,44.599998474121094,44.599998474121094,44.599998474121094,44.599998474121094,194590
2023-07-17 09:00:00+08:00,43.70000076293945,43.70000076293945,43.70000076293945,43.70000076293945,43.70000076293945,0
2023-07-17 09:05:00+08:00,43.45000076293945,43.45000076293945,43.45000076293945,43.45000076293945,43.45000076293945,223226
2023-07-17 09:10:00+08:00,43.150001525878906,43.150001525878906,43.150001525878906,43.150001525878906,43.150001525878906,180990
2023-07-17 09:15:00+08:00,43.25,43.25,43.25,43.25,43.25,274933
2023-07-17 09:20:00+08:00,44.0,44.0,44.0,44.0,44.0,196560
2023-07-17 09:25:00+08:00,44.29999923706055,44.29999923706055,44.29999923706055,44.29999923706055,44.29999923706055,150130
2023-07-17 09:30:00+08:00,44.29999923706055,44.29999923706055,44.29999923706055,44.29999923706055,44.29999923706055,162390
2023-07-17 09:35:00+08:00,44.0,44.0,44.0,44.0,44.0,161312
2023-07-17 09:40:00+08:00,43.900001525878906,43.900001525878906,43.900001525878906,43.900001525878906,43.900001525878906,57243
2023-07-17 09:45:00+08:00,43.75,43.75,43.75,43.75,43.75,75100
2023-07-17 09:50:00+08:00,43.79999923706055,43.79999923706055,43.79999923706055,43.79999923706055,43.79999923706055,78652
2023-07-17 09:55:00+08:00,43.79999923706055,43.79999923706055,43.79999923706055,43.79999923706055,43.79999923706055,82200
2023-07-17 10:00:00+08:00,43.79999923706055,43.79999923706055,43.79999923706055,43.79999923706055,43.79999923706055,65225
2023-07-17 10:05:00+08:00,44.0,44.0,44.0,44.0,44.0,156130
2023-07-17 10:10:00+08:00,44.04999923706055,44.04999923706055,44.04999923706055,44.04999923706055,44.04999923706055,74050
2023-07-17 10:15:00+08:00,44.29999923706055,44.29999923706055,44.29999923706055,44.29999923706055,44.29999923706055,128000
2023-07-17 10:20:00+08:00,44.5,44.5,44.5,44.5,44.5,112136
2023-07-17 10:25:00+08:00,45.0,45.0,45.0,45.0,45.0,248424
2023-07-17 10:30:00+08:00,45.5,45.5,45.5,45.5,45.5,264000
2023-07-17 10:35:00+08:00,46.150001525878906,46.150001525878906,46.150001525878906,46.150001525878906,46.150001525878906,333305
2023-07-17 10:40:00+08:00,46.150001525878906,46.150001525878906,46.150001525878906,46.150001525878906,46.150001525878906,277810
2023-07-17 10:45:00+08:00,46.150001525878906,46.150001525878906,46.150001525878906,46.150001525878906,46.150001525878906,242703
2023-07-17 10:50:00+08:00,46.150001525878906,46.150001525878906,46.150001525878906,46.150001525878906,46.150001525878906,470067
2023-07-17 10:55:00+08:00,46.150001525878906,46.150001525878906,46.150001525878906,46.150001525878906,46.150001525878906,191681
2023-07-17 11:00:00+08:00,46.349998474121094,46.349998474121094,46.349998474121094,46.349998474121094,46.349998474121094,228150
2023-07-17 11:05:00+08:00,46.79999923706055,46.79999923706055,46.79999923706055,46.79999923706055,46.79999923706055,179353
2023-07-17 11:10:00+08:00,47.650001525878906,47.650001525878906,47.650001525878906,47.650001525878906,47.650001525878906,279539
2023-07-17 11:15:00+08:00,47.75,47.75,47.75,47.75,47.75,290319
2023-07-17 11:20:00+08:00,48.0,48.0,48.0,48.0,48.0,220486
2023-07-17 11:25:00+08:00,48.20000076293945,48.20000076293945,48.20000076293945,48.20000076293945,48.20000076293945,242600
2023-07-17 11:30:00+08:00,48.29999923706055,48.29999923706055,48.29999923706055,48.29999923706055,48.29999923706055,238199
2023-07-17 11:35:00+08:00,47.349998474121094,47.349998474121094,47.349998474121094,47.349998474121094,47.349998474121094,225570
2023-07-17 11:40:00+08:00,46.650001525878906,46.650001525878906,46.650001525878906,46.650001525878906,46.650001525878906,220487
2023-07-17 11:45:00+08:00,46.349998474121094,46.349998474121094,46.349998474121094,46.349998474121094,46.349998474121094,164950
2023-07-17 11:50:00+08:00,46.349998474121094,46.349998474121094,46.349998474121094,46.349998474121094,46.349998474121094,163125
2023-07-17 11:55:00+08:00,46.29999923706055,46.29999923706055,46.29999923706055,46.29999923706055,46.29999923706055,83642
2023-07-17 12:00:00+08:00,46.099998474121094,46.099998474121094,46.099998474121094,46.099998474121094,46.099998474121094,159792
2023-07-17 12:05:00+08:00,46.0,46.0,46.0,46.0,46.0,178080
2023-07-17 12:10:00+08:00,46.29999923706055,46.29999923706055,46.29999923706055,46.29999923706055,46.29999923706055,90224
2023-07-17 12:15:00+08:00,46.349998474121094,46.349998474121094,46.349998474121094,46.349998474121094,46.349998474121094,87332
2023-07-17 12:20:00+08:00,46.650001525878906,46.650001525878906,46.650001525878906,46.650001525878906,46.650001525878906,88501
2023-07-17 12:25:00+08:00,47.0,47.0,47.0,47.0,47.0,150435
2023-07-17 12:30:00+08:00,47.25,47.25,47.25,47.25,47.25,107281
2023-07-17 12:35:00+08:00,47.29999923706055,47.29999923706055,47.29999923706055,47.29999923706055,47.29999923706055,69177
2023-07-17 12:40:00+08:00,47.25,47.25,47.25,47.25,47.25,112225
2023-07-17 12:45:00+08:00,47.25,47.25,47.25,47.25,47.25,96050
2023-07-17 12:50:00+08:00,47.29999923706055,47.29999923706055,47.29999923706055,47.29999923706055,47.29999923706055,32113
2023-07-17 12:55:00+08:00,47.25,47.25,47.25,47.25,47.25,75942
2023-07-17 13:00:00+08:00,47.099998474121094,47.099998474121094,47.099998474121094,47.099998474121094,47.099998474121094,106912
2023-07-17 13:05:00+08:00,47.04999923706055,47.04999923706055,47.04999923706055,47.04999923706055,47.04999923706055,109936
2023-07-17 13:10:00+08:00,47.150001525878906,47.150001525878906,47.150001525878906,47.150001525878906,47.150001525878906,133525
2023-07-17 13:15:00+08:00,47.29999923706055,47.29999923706055,47.29999923706055,47.29999923706055,47.29999923706055,169779
2023-07-17 13:20:00+08:00,47.349998474121094,47.349998474121094,47.349998474121094,47.349998474121094,47.349998474121094,145275
2023-07-18 09:00:00+08:00,48.70000076293945,48.70000076293945,48.70000076293945,48.70000076293945,48.70000076293945,0
2023-07-18 09:05:00+08:00,49.0,49.0,49.0,49.0,49.0,264609
2023-07-18 09:10:00+08:00,49.900001525878906,49.900001525878906,49.900001525878906,49.900001525878906,49.900001525878906,348201
2023-07-18 09:15:00+08:00,50.0,50.0,50.0,50.0,50.0,323236
2023-07-18 09:20:00+08:00,50.20000076293945,50.20000076293945,50.20000076293945,50.20000076293945,50.20000076293945,260920
2023-07-18 09:25:00+08:00,50.5,50.5,50.5,50.5,50.5,266250
2023-07-18 09:30:00+08:00,50.29999923706055,50.29999923706055,50.29999923706055,50.29999923706055,50.29999923706055,359620
2023-07-18 09:35:00+08:00,49.400001525878906,49.400001525878906,49.400001525878906,49.400001525878906,49.400001525878906,464844
2023-07-18 09:40:00+08:00,48.29999923706055,48.29999923706055,48.29999923706055,48.29999923706055,48.29999923706055,337417
2023-07-18 09:47:00+08:00,45.79999923706055,45.79999923706055,45.79999923706055,45.79999923706055,45.79999923706055,415836
2023-07-18 09:52:00+08:00,45.29999923706055,45.29999923706055,45.29999923706055,45.29999923706055,45.29999923706055,394494
2023-07-18 09:57:00+08:00,46.5,46.5,46.5,46.5,46.5,282125
2023-07-18 10:02:00+08:00,47.150001525878906,47.150001525878906,47.150001525878906,47.150001525878906,47.150001525878906,146485
2023-07-18 10:07:00+08:00,46.75,46.75,46.75,46.75,46.75,279875
2023-07-18 10:12:00+08:00,46.349998474121094,46.349998474121094,46.349998474121094,46.349998474121094,46.349998474121094,271466
2023-07-18 10:17:00+08:00,45.79999923706055,45.79999923706055,45.79999923706055,45.79999923706055,45.79999923706055,183321
2023-07-18 10:22:00+08:00,45.900001525878906,45.900001525878906,45.900001525878906,45.900001525878906,45.900001525878906,168320
2023-07-18 10:27:00+08:00,45.75,45.75,45.75,45.75,45.75,140520
2023-07-18 10:32:00+08:00,45.70000076293945,45.70000076293945,45.70000076293945,45.70000076293945,45.70000076293945,93522
2023-07-18 10:37:00+08:00,46.04999923706055,46.04999923706055,46.04999923706055,46.04999923706055,46.04999923706055,110230
2023-07-18 10:42:00+08:00,46.75,46.75,46.75,46.75,46.75,108111
2023-07-18 10:47:00+08:00,46.75,46.75,46.75,46.75,46.75,98325
2023-07-18 10:52:00+08:00,46.650001525878906,46.650001525878906,46.650001525878906,46.650001525878906,46.650001525878906,83108
2023-07-18 10:57:00+08:00,46.599998474121094,46.599998474121094,46.599998474121094,46.599998474121094,46.599998474121094,43200
2023-07-18 11:02:00+08:00,46.70000076293945,46.70000076293945,46.70000076293945,46.70000076293945,46.70000076293945,80214
2023-07-18 11:07:00+08:00,47.20000076293945,47.20000076293945,47.20000076293945,47.20000076293945,47.20000076293945,121010
2023-07-18 11:12:00+08:00,47.54999923706055,47.54999923706055,47.54999923706055,47.54999923706055,47.54999923706055,122104
2023-07-18 11:17:00+08:00,47.29999923706055,47.29999923706055,47.29999923706055,47.29999923706055,47.29999923706055,181169
2023-07-18 11:22:00+08:00,47.0,47.0,47.0,47.0,47.0,92245
2023-07-18 11:27:00+08:00,46.95000076293945,46.95000076293945,46.95000076293945,46.95000076293945,46.95000076293945,72100
2023-07-18 11:32:00+08:00,47.099998474121094,47.099998474121094,47.099998474121094,47.099998474121094,47.099998474121094,49250
2023-07-18 11:37:00+08:00,47.29999923706055,47.29999923706055,47.29999923706055,47.29999923706055,47.29999923706055,49500
2023-07-18 11:42:00+08:00,47.5,47.5,47.5,47.5,47.5,59032
2023-07-18 11:47:00+08:00,47.349998474121094,47.349998474121094,47.349998474121094,47.349998474121094,47.349998474121094,33001
2023-07-18 11:52:00+08:00,47.5,47.5,47.5,47.5,47.5,44300
2023-07-18 11:57:00+08:00,47.400001525878906,47.400001525878906,47.400001525878906,47.400001525878906,47.400001525878906,32000
2023-07-18 12:02:00+08:00,47.099998474121094,47.099998474121094,47.099998474121094,47.099998474121094,47.099998474121094,42122
2023-07-18 12:07:00+08:00,46.900001525878906,46.900001525878906,46.900001525878906,46.900001525878906,46.900001525878906,41255
2023-07-18 12:12:00+08:00,46.70000076293945,46.70000076293945,46.70000076293945,46.70000076293945,46.70000076293945,78100
2023-07-18 12:17:00+08:00,46.650001525878906,46.650001525878906,46.650001525878906,46.650001525878906,46.650001525878906,50046
2023-07-18 12:22:00+08:00,46.45000076293945,46.45000076293945,46.45000076293945,46.45000076293945,46.45000076293945,52000
2023-07-18 12:27:00+08:00,46.29999923706055,46.29999923706055,46.29999923706055,46.29999923706055,46.29999923706055,69179
2023-07-18 12:32:00+08:00,46.099998474121094,46.099998474121094,46.099998474121094,46.099998474121094,46.099998474121094,61923
2023-07-18 12:37:00+08:00,46.0,46.0,46.0,46.0,46.0,90480
2023-07-18 12:42:00+08:00,46.0,46.0,46.0,46.0,46.0,45338
2023-07-18 12:47:00+08:00,46.25,46.25,46.25,46.25,46.25,70478
2023-07-18 12:52:00+08:00,46.400001525878906,46.400001525878906,46.400001525878906,46.400001525878906,46.400001525878906,58300
2023-07-18 12:57:00+08:00,46.5,46.5,46.5,46.5,46.5,23150
2023-07-18 13:02:00+08:00,46.5,46.5,46.5,46.5,46.5,54025
2023-07-18 13:07:00+08:00,46.5,46.5,46.5,46.5,46.5,64072
2023-07-18 13:12:00+08:00,46.5,46.5,46.5,46.5,46.5,73130
2023-07-18 13:17:00+08:00,46.54999923706055,46.54999923706055,46.54999923706055,46.54999923706055,46.54999923706055,96028
2023-07-18 13:22:00+08:00,46.599998474121094,46.599998474121094,46.599998474121094,46.599998474121094,46.599998474121094,123472
2023-07-19 09:00:00+08:00,48.29999923706055,48.29999923706055,48.29999923706055,48.29999923706055,48.29999923706055,0
2023-07-19 09:05:00+08:00,47.79999923706055,47.79999923706055,47.79999923706055,47.79999923706055,47.79999923706055,118437
2023-07-19 09:10:00+08:00,47.099998474121094,47.099998474121094,47.099998474121094,47.099998474121094,47.099998474121094,141942
2023-07-19 09:15:00+08:00,46.900001525878906,46.900001525878906,46.900001525878906,46.900001525878906,46.900001525878906,164330
2023-07-19 09:20:00+08:00,47.0,47.0,47.0,47.0,47.0,198342
2023-07-19 09:25:00+08:00,47.29999923706055,47.29999923706055,47.29999923706055,47.29999923706055,47.29999923706055,143653
2023-07-19 09:30:00+08:00,47.5,47.5,47.5,47.5,47.5,166214
2023-07-19 09:35:00+08:00,47.75,47.75,47.75,47.75,47.75,105378
2023-07-19 09:40:00+08:00,47.75,47.75,47.75,47.75,47.75,111027
2023-07-19 09:45:00+08:00,47.79999923706055,47.79999923706055,47.79999923706055,47.79999923706055,47.79999923706055,166105
2023-07-19 09:50:00+08:00,47.900001525878906,47.900001525878906,47.900001525878906,47.900001525878906,47.900001525878906,51265
2023-07-19 09:55:00+08:00,48.25,48.25,48.25,48.25,48.25,255709
2023-07-19 10:00:00+08:00,48.29999923706055,48.29999923706055,48.29999923706055,48.29999923706055,48.29999923706055,185575
2023-07-19 10:05:00+08:00,48.150001525878906,48.150001525878906,48.150001525878906,48.150001525878906,48.150001525878906,133450
2023-07-19 10:10:00+08:00,47.900001525878906,47.900001525878906,47.900001525878906,47.900001525878906,47.900001525878906,91490
2023-07-19 10:15:00+08:00,47.79999923706055,47.79999923706055,47.79999923706055,47.79999923706055,47.79999923706055,60316
2023-07-19 10:20:00+08:00,47.70000076293945,47.70000076293945,47.70000076293945,47.70000076293945,47.70000076293945,40759
2023-07-19 10:25:00+08:00,47.29999923706055,47.29999923706055,47.29999923706055,47.29999923706055,47.29999923706055,92801
2023-07-19 10:30:00+08:00,47.150001525878906,47.150001525878906,47.150001525878906,47.150001525878906,47.150001525878906,61167
2023-07-19 10:35:00+08:00,47.29999923706055,47.29999923706055,47.29999923706055,47.29999923706055,47.29999923706055,173483
2023-07-19 10:40:00+08:00,47.45000076293945,47.45000076293945,47.45000076293945,47.45000076293945,47.45000076293945,63005
2023-07-19 10:45:00+08:00,47.5,47.5,47.5,47.5,47.5,41200
2023-07-19 10:50:00+08:00,47.54999923706055,47.54999923706055,47.54999923706055,47.54999923706055,47.54999923706055,31050
2023-07-19 10:55:00+08:00,47.599998474121094,47.599998474121094,47.599998474121094,47.599998474121094,47.599998474121094,32000
2023-07-19 11:00:00+08:00,47.75,47.75,47.75,47.75,47.75,86161
2023-07-19 11:05:00+08:00,47.79999923706055,47.79999923706055,47.79999923706055,47.79999923706055,47.79999923706055,63300
2023-07-19 11:10:00+08:00,47.849998474121094,47.849998474121094,47.849998474121094,47.849998474121094,47.849998474121094,53110
2023-07-19 11:15:00+08:00,48.0,48.0,48.0,48.0,48.0,262450
2023-07-19 11:20:00+08:00,48.150001525878906,48.150001525878906,48.150001525878906,48.150001525878906,48.150001525878906,112035
2023-07-19 11:25:00+08:00,48.099998474121094,48.099998474121094,48.099998474121094,48.099998474121094,48.099998474121094,84096
2023-07-19 11:30:00+08:00,47.95000076293945,47.95000076293945,47.95000076293945,47.95000076293945,47.95000076293945,75100
2023-07-19 11:35:00+08:00,48.0,48.0,48.0,48.0,48.0,78105
2023-07-19 11:40:00+08:00,48.5,48.5,48.5,48.5,48.5,380790
2023-07-19 11:45:00+08:00,49.0,49.0,49.0,49.0,49.0,358802
2023-07-19 11:50:00+08:00,49.400001525878906,49.400001525878906,49.400001525878906,49.400001525878906,49.400001525878906,286500
2023-07-19 11:55:00+08:00,48.900001525878906,48.900001525878906,48.900001525878906,48.900001525878906,48.900001525878906,171840
2023-07-19 12:00:00+08:00,48.45000076293945,48.45000076293945,48.45000076293945,48.45000076293945,48.45000076293945,102793
2023-07-19 12:05:00+08:00,48.5,48.5,48.5,48.5,48.5,53283
2023-07-19 12:10:00+08:00,48.5,48.5,48.5,48.5,48.5,78101
2023-07-19 12:15:00+08:00,48.29999923706055,48.29999923706055,48.29999923706055,48.29999923706055,48.29999923706055,75400
2023-07-19 12:20:00+08:00,47.20000076293945,47.20000076293945,47.20000076293945,47.20000076293945,47.20000076293945,176305
2023-07-19 12:25:00+08:00,46.900001525878906,46.900001525878906,46.900001525878906,46.900001525878906,46.900001525878906,295595
2023-07-19 12:30:00+08:00,46.849998474121094,46.849998474121094,46.849998474121094,46.849998474121094,46.849998474121094,555267
2023-07-19 12:35:00+08:00,46.900001525878906,46.900001525878906,46.900001525878906,46.900001525878906,46.900001525878906,135362
2023-07-19 12:40:00+08:00,46.900001525878906,46.900001525878906,46.900001525878906,46.900001525878906,46.900001525878906,105661
2023-07-19 12:45:00+08:00,46.95000076293945,46.95000076293945,46.95000076293945,46.95000076293945,46.95000076293945,96305
2023-07-19 12:50:00+08:00,46.95000076293945,46.95000076293945,46.95000076293945,46.95000076293945,46.95000076293945,44282
2023-07-19 12:55:00+08:00,47.0,47.0,47.0,47.0,47.0,103300
2023-07-19 13:00:00+08:00,47.5,47.5,47.5,47.5,47.5,176175
2023-07-19 13:05:00+08:00,47.5,47.5,47.5,47.5,47.5,95200
2023-07-19 13:10:00+08:00,47.5,47.5,47.5,47.5,47.5,58025
2023-07-19 13:15:00+08:00,47.650001525878906,47.650001525878906,47.650001525878906,47.650001525878906,47.650001525878906,70330
2023-07-19 13:20:00+08:00,47.70000076293945,47.70000076293945,47.70000076293945,47.70000076293945,47.70000076293945,68200
2023-07-20 09:00:00+08:00,48.29999923706055,48.29999923706055,48.29999923706055,48.29999923706055,48.29999923706055,0
2023-07-20 09:05:00+08:00,48.45000076293945,48.45000076293945,48.45000076293945,48.45000076293945,48.45000076293945,308378
2023-07-20 09:10:00+08:00,48.849998474121094,48.849998474121094,48.849998474121094,48.849998474121094,48.849998474121094,181200
2023-07-20 09:15:00+08:00,49.20000076293945,49.20000076293945,49.20000076293945,49.20000076293945,49.20000076293945,175776
2023-07-20 09:20:00+08:00,49.900001525878906,49.900001525878906,49.900001525878906,49.900001525878906,49.900001525878906,404274
2023-07-20 09:25:00+08:00,50.0,50.0,50.0,50.0,50.0,393471
2023-07-20 09:30:00+08:00,49.5,49.5,49.5,49.5,49.5,199358
2023-07-20 09:35:00+08:00,49.20000076293945,49.20000076293945,49.20000076293945,49.20000076293945,49.20000076293945,143293
2023-07-20 09:40:00+08:00,49.5,49.5,49.5,49.5,49.5,234472
2023-07-20 09:45:00+08:00,49.900001525878906,49.900001525878906,49.900001525878906,49.900001525878906,49.900001525878906,141490
2023-07-20 09:50:00+08:00,49.95000076293945,49.95000076293945,49.95000076293945,49.95000076293945,49.95000076293945,198588
2023-07-20 09:55:00+08:00,49.900001525878906,49.900001525878906,49.900001525878906,49.900001525878906,49.900001525878906,141320
2023-07-20 10:00:00+08:00,49.849998474121094,49.849998474121094,49.849998474121094,49.849998474121094,49.849998474121094,100632
2023-07-20 10:05:00+08:00,49.849998474121094,49.849998474121094,49.849998474121094,49.849998474121094,49.849998474121094,102159
2023-07-20 10:10:00+08:00,49.849998474121094,49.849998474121094,49.849998474121094,49.849998474121094,49.849998474121094,117400
2023-07-20 10:15:00+08:00,50.20000076293945,50.20000076293945,50.20000076293945,50.20000076293945,50.20000076293945,804929
2023-07-20 10:20:00+08:00,50.599998474121094,50.599998474121094,50.599998474121094,50.599998474121094,50.599998474121094,477270
2023-07-20 10:25:00+08:00,50.599998474121094,50.599998474121094,50.599998474121094,50.599998474121094,50.599998474121094,225880
2023-07-20 10:30:00+08:00,50.29999923706055,50.29999923706055,50.29999923706055,50.29999923706055,50.29999923706055,242225
2023-07-20 10:35:00+08:00,50.0,50.0,50.0,50.0,50.0,119440
2023-07-20 10:40:00+08:00,50.0,50.0,50.0,50.0,50.0,114710
2023-07-20 10:45:00+08:00,50.099998474121094,50.099998474121094,50.099998474121094,50.099998474121094,50.099998474121094,107519
2023-07-20 10:50:00+08:00,50.099998474121094,50.099998474121094,50.099998474121094,50.099998474121094,50.099998474121094,75419
2023-07-20 10:55:00+08:00,50.599998474121094,50.599998474121094,50.599998474121094,50.599998474121094,50.599998474121094,203431
2023-07-20 11:00:00+08:00,51.0,51.0,51.0,51.0,51.0,644151
2023-07-20 11:05:00+08:00,51.29999923706055,51.29999923706055,51.29999923706055,51.29999923706055,51.29999923706055,246930
2023-07-20 11:10:00+08:00,51.5,51.5,51.5,51.5,51.5,237959
2023-07-20 11:15:00+08:00,51.79999923706055,51.79999923706055,51.79999923706055,51.79999923706055,51.79999923706055,166837
2023-07-20 11:20:00+08:00,52.0,52.0,52.0,52.0,52.0,228620
2023-07-20 11:25:00+08:00,52.0,52.0,52.0,52.0,52.0,233660
2023-07-20 11:30:00+08:00,52.20000076293945,52.20000076293945,52.20000076293945,52.20000076293945,52.20000076293945,88530
2023-07-20 11:35:00+08:00,52.20000076293945,52.20000076293945,52.20000076293945,52.20000076293945,52.20000076293945,115611
2023-07-20 11:40:00+08:00,52.20000076293945,52.20000076293945,52.20000076293945,52.20000076293945,52.20000076293945,90835
2023-07-20 11:45:00+08:00,51.79999923706055,51.79999923706055,51.79999923706055,51.79999923706055,51.79999923706055,134094
2023-07-20 11:50:00+08:00,51.900001525878906,51.900001525878906,51.900001525878906,51.900001525878906,51.900001525878906,52975
2023-07-20 11:55:00+08:00,52.0,52.0,52.0,52.0,52.0,46140
2023-07-20 12:00:00+08:00,51.900001525878906,51.900001525878906,51.900001525878906,51.900001525878906,51.900001525878906,65080
2023-07-20 12:05:00+08:00,51.900001525878906,51.900001525878906,51.900001525878906,51.900001525878906,51.900001525878906,92575
2023-07-20 12:10:00+08:00,51.79999923706055,51.79999923706055,51.79999923706055,51.79999923706055,51.79999923706055,92407
2023-07-20 12:15:00+08:00,51.5,51.5,51.5,51.5,51.5,149210
2023-07-20 12:20:00+08:00,51.0,51.0,51.0,51.0,51.0,137241
2023-07-20 12:25:00+08:00,51.0,51.0,51.0,51.0,51.0,117228
2023-07-20 12:30:00+08:00,51.0,51.0,51.0,51.0,51.0,120200
2023-07-20 12:35:00+08:00,51.5,51.5,51.5,51.5,51.5,84793
2023-07-20 12:40:00+08:00,51.79999923706055,51.79999923706055,51.79999923706055,51.79999923706055,51.79999923706055,77459
2023-07-20 12:45:00+08:00,51.79999923706055,51.79999923706055,51.79999923706055,51.79999923706055,51.79999923706055,123208
2023-07-20 12:50:00+08:00,51.79999923706055,51.79999923706055,51.79999923706055,51.79999923706055,51.79999923706055,128417
2023-07-20 12:55:00+08:00,51.79999923706055,51.79999923706055,51.79999923706055,51.79999923706055,51.79999923706055,157566
2023-07-20 13:00:00+08:00,52.0,52.0,52.0,52.0,52.0,129326
2023-07-20 13:05:00+08:00,52.20000076293945,52.20000076293945,52.20000076293945,52.20000076293945,52.20000076293945,239970
2023-07-20 13:10:00+08:00,52.5,52.5,52.5,52.5,52.5,458305
2023-07-20 13:15:00+08:00,52.5,52.5,52.5,52.5,52.5,539401
2023-07-20 13:20:00+08:00,52.5,52.5,52.5,52.5,52.5,510986
2023-07-21 09:02:00+08:00,49.150001525878906,50.400001525878906,48.79999923706055,50.20000076293945,50.20000076293945,0
2023-07-21 09:03:00+08:00,50.20000076293945,50.79999923706055,50.0,50.79999923706055,50.79999923706055,456000
2023-07-21 09:05:00+08:00,50.79999923706055,51.20000076293945,50.400001525878906,50.5,50.5,1129000
2023-07-21 09:06:00+08:00,50.400001525878906,51.400001525878906,50.20000076293945,51.29999923706055,51.29999923706055,673000
2023-07-21 09:07:00+08:00,51.099998474121094,51.79999923706055,50.599998474121094,51.70000076293945,51.70000076293945,645000
2023-07-21 09:08:00+08:00,51.70000076293945,52.20000076293945,51.599998474121094,52.0,52.0,577000
2023-07-21 09:10:00+08:00,51.400001525878906,51.400001525878906,51.0,51.29999923706055,51.29999923706055,945019
2023-07-21 09:11:00+08:00,51.29999923706055,51.599998474121094,51.20000076293945,51.400001525878906,51.400001525878906,347101
2023-07-21 09:12:00+08:00,51.400001525878906,51.400001525878906,51.0,51.0,51.0,229600
2023-07-21 09:13:00+08:00,51.0,51.099998474121094,50.599998474121094,50.599998474121094,50.599998474121094,340459
2023-07-21 09:14:00+08:00,50.70000076293945,51.29999923706055,50.400001525878906,51.099998474121094,51.099998474121094,264540
2023-07-21 09:15:00+08:00,51.20000076293945,51.599998474121094,51.099998474121094,51.5,51.5,176003
2023-07-21 09:16:00+08:00,51.5,51.599998474121094,51.29999923706055,51.29999923706055,51.29999923706055,68250
2023-07-21 09:17:00+08:00,51.29999923706055,51.900001525878906,51.29999923706055,51.900001525878906,51.900001525878906,208400
2023-07-21 09:18:00+08:00,51.79999923706055,52.5,51.79999923706055,52.400001525878906,52.400001525878906,411856
2023-07-21 09:19:00+08:00,52.5,53.099998474121094,52.29999923706055,53.0,53.0,844415
2023-07-21 09:20:00+08:00,53.0,54.0,52.900001525878906,53.70000076293945,53.70000076293945,815785
2023-07-21 09:21:00+08:00,53.79999923706055,54.0,53.400001525878906,53.400001525878906,53.400001525878906,508187
2023-07-21 09:22:00+08:00,54.099998474121094,54.400001525878906,54.0,54.400001525878906,54.400001525878906,1358251
2023-07-21 09:23:00+08:00,54.400001525878906,54.79999923706055,54.0,54.400001525878906,54.400001525878906,1068300
2023-07-21 09:24:00+08:00,54.400001525878906,55.5,54.29999923706055,54.79999923706055,54.79999923706055,1147842
2023-07-21 09:25:00+08:00,54.79999923706055,54.900001525878906,54.5,54.79999923706055,54.79999923706055,550748
2023-07-21 09:26:00+08:00,54.900001525878906,54.900001525878906,54.099998474121094,54.29999923706055,54.29999923706055,511152
2023-07-21 09:27:00+08:00,54.20000076293945,54.79999923706055,54.20000076293945,54.400001525878906,54.400001525878906,311872
2023-07-21 09:28:00+08:00,54.400001525878906,55.900001525878906,54.29999923706055,55.79999923706055,55.79999923706055,823790
2023-07-21 09:29:00+08:00,55.70000076293945,55.79999923706055,55.099998474121094,55.099998474121094,55.099998474121094,388207
2023-07-21 09:30:00+08:00,55.20000076293945,55.29999923706055,55.099998474121094,55.20000076293945,55.20000076293945,232660
2023-07-21 09:31:00+08:00,55.20000076293945,55.29999923706055,54.79999923706055,55.099998474121094,55.099998474121094,493245
2023-07-21 09:32:00+08:00,55.099998474121094,56.400001525878906,55.099998474121094,56.29999923706055,56.29999923706055,1061381
2023-07-21 09:33:00+08:00,56.20000076293945,56.70000076293945,56.20000076293945,56.20000076293945,56.20000076293945,646340
2023-07-21 09:34:00+08:00,56.20000076293945,57.400001525878906,56.20000076293945,57.099998474121094,57.099998474121094,1071205
2023-07-21 09:35:00+08:00,57.20000076293945,57.20000076293945,56.599998474121094,56.79999923706055,56.79999923706055,466600
2023-07-21 09:36:00+08:00,56.70000076293945,56.79999923706055,56.099998474121094,56.20000076293945,56.20000076293945,593659
2023-07-21 09:37:00+08:00,56.099998474121094,56.599998474121094,56.099998474121094,56.599998474121094,56.599998474121094,177430
2023-07-21 09:38:00+08:00,56.5,56.599998474121094,55.5,55.5,55.5,592300
2023-07-21 09:39:00+08:00,55.5,56.5,55.400001525878906,56.400001525878906,56.400001525878906,328264
2023-07-21 09:40:00+08:00,56.20000076293945,56.5,56.20000076293945,56.29999923706055,56.29999923706055,152200
2023-07-21 09:41:00+08:00,56.29999923706055,56.29999923706055,55.70000076293945,56.099998474121094,56.099998474121094,317210
2023-07-21 09:42:00+08:00,56.099998474121094,56.29999923706055,56.099998474121094,56.29999923706055,56.29999923706055,107006
2023-07-21 09:43:00+08:00,56.20000076293945,56.5,56.20000076293945,56.400001525878906,56.400001525878906,238220
2023-07-21 09:44:00+08:00,56.5,56.5,55.79999923706055,55.79999923706055,55.79999923706055,279173
2023-07-21 09:45:00+08:00,55.900001525878906,56.20000076293945,55.900001525878906,55.900001525878906,55.900001525878906,131624
2023-07-21 09:46:00+08:00,55.900001525878906,55.900001525878906,54.70000076293945,54.70000076293945,54.70000076293945,455165
2023-07-21 09:47:00+08:00,54.79999923706055,54.79999923706055,54.099998474121094,54.599998474121094,54.599998474121094,715088
2023-07-21 09:48:00+08:00,54.599998474121094,54.599998474121094,53.79999923706055,53.79999923706055,53.79999923706055,570141
2023-07-21 09:49:00+08:00,53.900001525878906,54.70000076293945,53.79999923706055,54.5,54.5,315715
2023-07-21 09:50:00+08:00,54.5,55.0,54.400001525878906,55.0,55.0,299325
2023-07-21 09:51:00+08:00,54.900001525878906,55.0,54.5,54.599998474121094,54.599998474121094,363521
2023-07-21 09:52:00+08:00,54.5,54.70000076293945,54.29999923706055,54.70000076293945,54.70000076293945,159179
2023-07-21 09:53:00+08:00,54.70000076293945,55.20000076293945,54.70000076293945,54.70000076293945,54.70000076293945,281485
2023-07-21 09:54:00+08:00,54.599998474121094,54.900001525878906,54.5,54.900001525878906,54.900001525878906,87393
2023-07-21 09:55:00+08:00,54.900001525878906,55.5,54.79999923706055,55.20000076293945,55.20000076293945,329063
2023-07-21 09:56:00+08:00,55.20000076293945,55.400001525878906,55.099998474121094,55.29999923706055,55.29999923706055,216150
2023-07-21 09:57:00+08:00,55.29999923706055,55.400001525878906,55.20000076293945,55.29999923706055,55.29999923706055,143300
2023-07-21 09:58:00+08:00,55.29999923706055,55.900001525878906,55.29999923706055,55.5,55.5,429130
2023-07-21 09:59:00+08:00,55.400001525878906,55.5,54.79999923706055,54.79999923706055,54.79999923706055,244060
2023-07-21 10:00:00+08:00,54.79999923706055,55.20000076293945,54.79999923706055,55.099998474121094,55.099998474121094,126667
2023-07-21 10:01:00+08:00,55.099998474121094,55.20000076293945,55.0,55.0,55.0,83003
2023-07-21 10:02:00+08:00,55.0,55.099998474121094,54.900001525878906,55.099998474121094,55.099998474121094,61000
2023-07-21 10:03:00+08:00,55.099998474121094,55.5,55.099998474121094,55.29999923706055,55.29999923706055,128136
2023-07-21 10:04:00+08:00,55.400001525878906,55.70000076293945,55.29999923706055,55.70000076293945,55.70000076293945,112100
2023-07-21 10:05:00+08:00,55.70000076293945,55.79999923706055,55.20000076293945,55.20000076293945,55.20000076293945,173253
2023-07-21 10:06:00+08:00,55.29999923706055,55.29999923706055,55.099998474121094,55.29999923706055,55.29999923706055,39000
2023-07-21 10:07:00+08:00,55.29999923706055,55.29999923706055,55.099998474121094,55.20000076293945,55.20000076293945,70000
2023-07-21 10:08:00+08:00,55.099998474121094,55.29999923706055,55.099998474121094,55.20000076293945,55.20000076293945,52070
2023-07-21 10:09:00+08:00,55.20000076293945,55.400001525878906,55.20000076293945,55.20000076293945,55.20000076293945,45301
2023-07-21 10:10:00+08:00,55.29999923706055,55.400001525878906,55.29999923706055,55.29999923706055,55.29999923706055,32050
2023-07-21 10:11:00+08:00,55.29999923706055,55.29999923706055,55.099998474121094,55.20000076293945,55.20000076293945,73000
2023-07-21 10:12:00+08:00,55.20000076293945,55.20000076293945,54.79999923706055,54.79999923706055,54.79999923706055,180792
2023-07-21 10:13:00+08:00,54.79999923706055,54.900001525878906,54.599998474121094,54.900001525878906,54.900001525878906,217327
2023-07-21 10:14:00+08:00,54.900001525878906,54.900001525878906,54.599998474121094,54.70000076293945,54.70000076293945,70098
2023-07-21 10:15:00+08:00,54.599998474121094,54.70000076293945,54.5,54.599998474121094,54.599998474121094,94066
2023-07-21 10:16:00+08:00,54.599998474121094,54.900001525878906,54.599998474121094,54.900001525878906,54.900001525878906,61117
2023-07-21 10:17:00+08:00,54.79999923706055,55.0,54.79999923706055,54.900001525878906,54.900001525878906,44210
2023-07-21 10:18:00+08:00,54.900001525878906,55.0,54.900001525878906,55.0,55.0,17000
2023-07-21 10:19:00+08:00,55.0,55.20000076293945,55.0,55.20000076293945,55.20000076293945,61000
2023-07-21 10:20:00+08:00,55.20000076293945,55.400001525878906,55.099998474121094,55.099998474121094,55.099998474121094,189045
2023-07-21 10:21:00+08:00,55.099998474121094,55.099998474121094,54.70000076293945,54.70000076293945,54.70000076293945,127000
2023-07-21 10:22:00+08:00,54.70000076293945,55.0,54.70000076293945,54.900001525878906,54.900001525878906,56100
2023-07-21 10:23:00+08:00,54.900001525878906,55.0,54.79999923706055,54.900001525878906,54.900001525878906,31001
2023-07-21 10:24:00+08:00,54.900001525878906,55.0,54.900001525878906,55.0,55.0,39100
2023-07-21 10:25:00+08:00,55.0,55.20000076293945,54.900001525878906,55.20000076293945,55.20000076293945,25800
2023-07-21 10:26:00+08:00,55.099998474121094,55.29999923706055,55.099998474121094,55.29999923706055,55.29999923706055,48188
2023-07-21 10:27:00+08:00,55.20000076293945,55.29999923706055,55.099998474121094,55.20000076293945,55.20000076293945,83294
2023-07-21 10:28:00+08:00,55.20000076293945,55.400001525878906,55.20000076293945,55.400001525878906,55.400001525878906,113045
2023-07-21 10:29:00+08:00,55.400001525878906,55.70000076293945,55.400001525878906,55.599998474121094,55.599998474121094,223000
2023-07-21 10:30:00+08:00,55.599998474121094,56.0,55.5,56.0,56.0,381122
2023-07-21 10:31:00+08:00,55.70000076293945,55.79999923706055,55.599998474121094,55.70000076293945,55.70000076293945,383380
2023-07-21 10:32:00+08:00,55.70000076293945,55.70000076293945,55.5,55.599998474121094,55.599998474121094,93000
2023-07-21 10:33:00+08:00,55.599998474121094,55.599998474121094,55.5,55.599998474121094,55.599998474121094,46030
2023-07-21 10:34:00+08:00,55.70000076293945,55.70000076293945,55.599998474121094,55.599998474121094,55.599998474121094,39199
2023-07-21 10:35:00+08:00,55.599998474121094,55.599998474121094,54.900001525878906,54.900001525878906,54.900001525878906,189670
2023-07-21 10:36:00+08:00,54.900001525878906,55.20000076293945,54.900001525878906,55.099998474121094,55.099998474121094,71213
2023-07-21 10:37:00+08:00,55.099998474121094,55.099998474121094,54.900001525878906,55.0,55.0,78498
2023-07-21 10:38:00+08:00,55.0,55.29999923706055,55.0,55.20000076293945,55.20000076293945,47500
2023-07-21 10:39:00+08:00,55.20000076293945,55.29999923706055,55.099998474121094,55.099998474121094,55.099998474121094,42001
2023-07-21 10:40:00+08:00,55.29999923706055,55.29999923706055,55.20000076293945,55.29999923706055,55.29999923706055,23169
2023-07-21 10:41:00+08:00,55.29999923706055,55.400001525878906,55.29999923706055,55.29999923706055,55.29999923706055,19000
2023-07-21 10:42:00+08:00,55.29999923706055,55.70000076293945,55.29999923706055,55.70000076293945,55.70000076293945,169010
2023-07-21 10:43:00+08:00,55.70000076293945,56.0,55.70000076293945,55.900001525878906,55.900001525878906,135000
2023-07-21 10:44:00+08:00,55.79999923706055,55.900001525878906,55.5,55.599998474121094,55.599998474121094,89101
2023-07-21 10:45:00+08:00,55.599998474121094,55.70000076293945,55.599998474121094,55.599998474121094,55.599998474121094,61209
2023-07-21 10:46:00+08:00,55.70000076293945,55.70000076293945,55.400001525878906,55.5,55.5,55437
2023-07-21 10:47:00+08:00,55.5,55.599998474121094,55.400001525878906,55.400001525878906,55.400001525878906,59000
2023-07-21 10:48:00+08:00,55.400001525878906,55.900001525878906,55.400001525878906,55.79999923706055,55.79999923706055,154186
2023-07-21 10:49:00+08:00,55.79999923706055,56.20000076293945,55.599998474121094,56.20000076293945,56.20000076293945,629260
2023-07-21 10:50:00+08:00,56.20000076293945,56.5,55.900001525878906,56.400001525878906,56.400001525878906,475021
2023-07-21 10:51:00+08:00,56.5,56.5,56.0,56.099998474121094,56.099998474121094,247170
2023-07-21 10:52:00+08:00,56.0,56.5,56.0,56.5,56.5,235010
2023-07-21 10:53:00+08:00,56.5,56.79999923706055,56.20000076293945,56.70000076293945,56.70000076293945,468300
2023-07-21 10:54:00+08:00,56.599998474121094,56.70000076293945,56.400001525878906,56.5,56.5,149571
2023-07-21 10:55:00+08:00,56.5,56.599998474121094,56.400001525878906,56.599998474121094,56.599998474121094,110000
2023-07-21 10:56:00+08:00,56.5,56.79999923706055,56.5,56.70000076293945,56.70000076293945,90000
2023-07-21 10:57:00+08:00,56.70000076293945,56.900001525878906,56.599998474121094,56.900001525878906,56.900001525878906,306028
2023-07-21 10:58:00+08:00,56.900001525878906,56.900001525878906,56.599998474121094,56.70000076293945,56.70000076293945,181109
2023-07-21 10:59:00+08:00,56.70000076293945,56.70000076293945,56.099998474121094,56.20000076293945,56.20000076293945,125102
2023-07-21 11:00:00+08:00,56.20000076293945,56.29999923706055,55.79999923706055,56.20000076293945,56.20000076293945,263351
2023-07-21 11:01:00+08:00,56.20000076293945,56.20000076293945,56.099998474121094,56.099998474121094,56.099998474121094,70251
2023-07-21 11:02:00+08:00,56.099998474121094,56.20000076293945,55.900001525878906,56.0,56.0,79657
2023-07-21 11:03:00+08:00,56.0,56.099998474121094,55.900001525878906,56.0,56.0,43464
2023-07-21 11:04:00+08:00,56.0,56.099998474121094,55.900001525878906,56.0,56.0,22118
2023-07-21 11:05:00+08:00,55.900001525878906,56.20000076293945,55.900001525878906,56.20000076293945,56.20000076293945,55259
2023-07-21 11:06:00+08:00,56.29999923706055,56.599998474121094,56.29999923706055,56.5,56.5,108000
2023-07-21 11:07:00+08:00,56.599998474121094,56.70000076293945,56.400001525878906,56.599998474121094,56.599998474121094,92100
2023-07-21 11:08:00+08:00,56.599998474121094,56.599998474121094,56.29999923706055,56.400001525878906,56.400001525878906,64000
2023-07-21 11:09:00+08:00,56.29999923706055,56.400001525878906,56.20000076293945,56.20000076293945,56.20000076293945,45245
2023-07-21 11:10:00+08:00,56.20000076293945,56.20000076293945,55.79999923706055,55.900001525878906,55.900001525878906,96680
2023-07-21 11:11:00+08:00,55.79999923706055,55.900001525878906,55.599998474121094,55.599998474121094,55.599998474121094,199155
2023-07-21 11:12:00+08:00,55.5,55.79999923706055,55.5,55.79999923706055,55.79999923706055,78490
2023-07-21 11:13:00+08:00,55.79999923706055,56.0,55.79999923706055,56.0,56.0,74000
2023-07-21 11:14:00+08:00,56.099998474121094,56.099998474121094,56.0,56.0,56.0,49000
2023-07-21 11:15:00+08:00,56.0,56.400001525878906,56.0,56.29999923706055,56.29999923706055,56000
2023-07-21 11:16:00+08:00,56.29999923706055,56.400001525878906,56.099998474121094,56.099998474121094,56.099998474121094,42263
2023-07-21 11:17:00+08:00,56.20000076293945,56.20000076293945,56.099998474121094,56.20000076293945,56.20000076293945,37400
2023-07-21 11:18:00+08:00,56.20000076293945,56.20000076293945,56.099998474121094,56.099998474121094,56.099998474121094,55272
2023-07-21 11:19:00+08:00,56.099998474121094,56.099998474121094,56.099998474121094,56.099998474121094,56.099998474121094,7539
2023-07-21 11:20:00+08:00,56.20000076293945,56.20000076293945,56.20000076293945,56.20000076293945,56.20000076293945,52050
2023-07-21 11:21:00+08:00,56.099998474121094,56.20000076293945,56.099998474121094,56.20000076293945,56.20000076293945,22200
2023-07-21 11:22:00+08:00,56.20000076293945,56.20000076293945,56.099998474121094,56.20000076293945,56.20000076293945,47170
2023-07-21 11:23:00+08:00,56.20000076293945,56.29999923706055,56.099998474121094,56.29999923706055,56.29999923706055,74000
2023-07-21 11:24:00+08:00,56.29999923706055,56.400001525878906,56.29999923706055,56.400001525878906,56.400001525878906,53188
2023-07-21 11:25:00+08:00,56.400001525878906,56.5,56.29999923706055,56.5,56.5,134000
2023-07-21 11:26:00+08:00,56.5,56.599998474121094,56.5,56.599998474121094,56.599998474121094,50010
2023-07-21 11:27:00+08:00,56.599998474121094,56.70000076293945,56.5,56.70000076293945,56.70000076293945,109140
2023-07-21 11:28:00+08:00,56.599998474121094,56.70000076293945,56.5,56.5,56.5,70300
2023-07-21 11:29:00+08:00,56.5,56.5,56.400001525878906,56.400001525878906,56.400001525878906,56305
2023-07-21 11:30:00+08:00,56.400001525878906,56.5,56.400001525878906,56.5,56.5,37050
2023-07-21 11:31:00+08:00,56.5,56.599998474121094,56.400001525878906,56.400001525878906,56.400001525878906,90000
2023-07-21 11:32:00+08:00,56.5,56.5,56.400001525878906,56.5,56.5,21000
2023-07-21 11:33:00+08:00,56.400001525878906,56.5,56.400001525878906,56.400001525878906,56.400001525878906,47000
2023-07-21 11:34:00+08:00,56.400001525878906,56.400001525878906,55.900001525878906,55.900001525878906,55.900001525878906,299185
2023-07-21 11:35:00+08:00,55.900001525878906,56.0,55.79999923706055,55.79999923706055,55.79999923706055,25670
2023-07-21 11:36:00+08:00,55.79999923706055,56.0,55.79999923706055,56.0,56.0,70010
2023-07-21 11:37:00+08:00,56.0,56.0,55.79999923706055,55.900001525878906,55.900001525878906,36150
2023-07-21 11:38:00+08:00,55.79999923706055,55.900001525878906,55.79999923706055,55.79999923706055,55.79999923706055,22008
2023-07-21 11:39:00+08:00,55.79999923706055,55.900001525878906,55.70000076293945,55.79999923706055,55.79999923706055,52000
2023-07-21 11:40:00+08:00,55.79999923706055,55.79999923706055,55.599998474121094,55.599998474121094,55.599998474121094,90235
2023-07-21 11:41:00+08:00,55.599998474121094,55.599998474121094,55.20000076293945,55.20000076293945,55.20000076293945,279623
2023-07-21 11:42:00+08:00,55.20000076293945,55.29999923706055,55.0,55.0,55.0,178134
2023-07-21 11:43:00+08:00,55.099998474121094,55.599998474121094,55.099998474121094,55.5,55.5,85050
2023-07-21 11:44:00+08:00,55.5,55.5,55.20000076293945,55.20000076293945,55.20000076293945,93500
2023-07-21 11:45:00+08:00,55.20000076293945,55.29999923706055,55.099998474121094,55.29999923706055,55.29999923706055,80200
2023-07-21 11:46:00+08:00,55.20000076293945,55.20000076293945,54.79999923706055,54.79999923706055,54.79999923706055,281200
2023-07-21 11:47:00+08:00,54.79999923706055,54.79999923706055,54.20000076293945,54.20000076293945,54.20000076293945,441443
2023-07-21 11:48:00+08:00,54.20000076293945,54.400001525878906,54.20000076293945,54.20000076293945,54.20000076293945,291876
2023-07-21 11:49:00+08:00,54.29999923706055,54.5,54.20000076293945,54.29999923706055,54.29999923706055,165440
2023-07-21 11:50:00+08:00,54.5,54.599998474121094,54.400001525878906,54.5,54.5,103100
2023-07-21 11:51:00+08:00,54.5,54.599998474121094,54.400001525878906,54.5,54.5,107510
2023-07-21 11:52:00+08:00,54.5,54.599998474121094,54.5,54.5,54.5,49160
2023-07-21 11:53:00+08:00,54.599998474121094,54.70000076293945,54.5,54.70000076293945,54.70000076293945,47013
2023-07-21 11:54:00+08:00,54.70000076293945,55.0,54.70000076293945,55.0,55.0,70100
2023-07-21 11:55:00+08:00,54.900001525878906,55.0,54.900001525878906,55.0,55.0,143100
2023-07-21 11:56:00+08:00,54.900001525878906,55.29999923706055,54.900001525878906,55.29999923706055,55.29999923706055,81103
2023-07-21 11:57:00+08:00,55.29999923706055,55.400001525878906,55.20000076293945,55.400001525878906,55.400001525878906,103015
2023-07-21 11:58:00+08:00,55.29999923706055,55.29999923706055,54.70000076293945,54.70000076293945,54.70000076293945,85056
2023-07-21 11:59:00+08:00,54.70000076293945,55.0,54.70000076293945,54.900001525878906,54.900001525878906,36000
2023-07-21 12:00:00+08:00,54.79999923706055,54.900001525878906,54.70000076293945,54.900001525878906,54.900001525878906,49000
2023-07-21 12:01:00+08:00,54.900001525878906,54.900001525878906,54.5,54.5,54.5,66250
2023-07-21 12:02:00+08:00,54.5,54.599998474121094,54.5,54.5,54.5,29000
2023-07-21 12:03:00+08:00,54.599998474121094,54.79999923706055,54.599998474121094,54.79999923706055,54.79999923706055,39000
2023-07-21 12:04:00+08:00,54.79999923706055,54.900001525878906,54.79999923706055,54.79999923706055,54.79999923706055,34000
2023-07-21 12:05:00+08:00,54.79999923706055,54.900001525878906,54.70000076293945,54.900001525878906,54.900001525878906,12000
2023-07-21 12:06:00+08:00,54.900001525878906,54.900001525878906,54.79999923706055,54.79999923706055,54.79999923706055,15000
2023-07-21 12:07:00+08:00,54.79999923706055,54.900001525878906,54.79999923706055,54.79999923706055,54.79999923706055,12050
2023-07-21 12:08:00+08:00,54.79999923706055,54.79999923706055,54.70000076293945,54.79999923706055,54.79999923706055,14100
2023-07-21 12:09:00+08:00,54.70000076293945,54.79999923706055,54.70000076293945,54.70000076293945,54.70000076293945,35401
2023-07-21 12:10:00+08:00,54.70000076293945,54.79999923706055,54.599998474121094,54.599998474121094,54.599998474121094,41100
2023-07-21 12:11:00+08:00,54.70000076293945,54.79999923706055,54.599998474121094,54.70000076293945,54.70000076293945,13002
2023-07-21 12:12:00+08:00,54.70000076293945,54.79999923706055,54.70000076293945,54.70000076293945,54.70000076293945,13010
2023-07-21 12:13:00+08:00,54.70000076293945,54.900001525878906,54.70000076293945,54.900001525878906,54.900001525878906,50050
2023-07-21 12:14:00+08:00,54.900001525878906,55.20000076293945,54.900001525878906,55.20000076293945,55.20000076293945,196000
2023-07-21 12:15:00+08:00,55.20000076293945,55.400001525878906,55.20000076293945,55.20000076293945,55.20000076293945,108200
2023-07-21 12:16:00+08:00,55.099998474121094,55.20000076293945,55.0,55.099998474121094,55.099998474121094,32229
2023-07-21 12:17:00+08:00,55.0,55.099998474121094,55.0,55.0,55.0,25150
2023-07-21 12:18:00+08:00,54.900001525878906,54.900001525878906,54.79999923706055,54.900001525878906,54.900001525878906,18000
2023-07-21 12:19:00+08:00,55.0,55.0,54.79999923706055,54.79999923706055,54.79999923706055,8000
2023-07-21 12:20:00+08:00,54.79999923706055,54.900001525878906,54.79999923706055,54.79999923706055,54.79999923706055,11000
2023-07-21 12:21:00+08:00,54.900001525878906,54.900001525878906,54.79999923706055,54.900001525878906,54.900001525878906,19000
2023-07-21 12:22:00+08:00,54.900001525878906,55.0,54.900001525878906,55.0,55.0,14000
2023-07-21 12:23:00+08:00,55.0,55.0,54.900001525878906,54.900001525878906,54.900001525878906,7000
2023-07-21 12:24:00+08:00,55.0,55.099998474121094,55.0,55.0,55.0,44003
2023-07-21 12:25:00+08:00,55.099998474121094,55.099998474121094,55.099998474121094,55.099998474121094,55.099998474121094,43000
2023-07-21 12:26:00+08:00,55.099998474121094,55.099998474121094,55.0,55.099998474121094,55.099998474121094,25140
2023-07-21 12:27:00+08:00,55.20000076293945,55.20000076293945,55.099998474121094,55.20000076293945,55.20000076293945,25200
2023-07-21 12:28:00+08:00,55.20000076293945,55.400001525878906,55.20000076293945,55.29999923706055,55.29999923706055,89010
2023-07-21 12:29:00+08:00,55.29999923706055,55.400001525878906,55.29999923706055,55.29999923706055,55.29999923706055,24000
2023-07-21 12:30:00+08:00,55.400001525878906,55.5,55.400001525878906,55.5,55.5,36030
2023-07-21 12:31:00+08:00,55.5,55.5,55.400001525878906,55.400001525878906,55.400001525878906,51077
2023-07-21 12:32:00+08:00,55.400001525878906,55.400001525878906,55.29999923706055,55.400001525878906,55.400001525878906,35097
2023-07-21 12:33:00+08:00,55.400001525878906,55.5,55.400001525878906,55.400001525878906,55.400001525878906,28325
2023-07-21 12:34:00+08:00,55.29999923706055,55.400001525878906,55.20000076293945,55.20000076293945,55.20000076293945,69000
2023-07-21 12:35:00+08:00,55.099998474121094,55.29999923706055,55.099998474121094,55.20000076293945,55.20000076293945,58000
2023-07-21 12:36:00+08:00,55.29999923706055,55.599998474121094,55.20000076293945,55.29999923706055,55.29999923706055,158000
2023-07-21 12:37:00+08:00,55.400001525878906,55.400001525878906,55.400001525878906,55.400001525878906,55.400001525878906,26000
2023-07-21 12:38:00+08:00,55.400001525878906,55.599998474121094,55.400001525878906,55.400001525878906,55.400001525878906,31000
2023-07-21 12:39:00+08:00,55.5,55.79999923706055,55.400001525878906,55.79999923706055,55.79999923706055,107008
2023-07-21 12:40:00+08:00,55.900001525878906,56.0,55.79999923706055,55.79999923706055,55.79999923706055,243500
2023-07-21 12:41:00+08:00,55.79999923706055,55.79999923706055,55.79999923706055,55.79999923706055,55.79999923706055,2000
2023-07-21 12:42:00+08:00,55.599998474121094,55.599998474121094,55.400001525878906,55.400001525878906,55.400001525878906,66100
2023-07-21 12:43:00+08:00,55.5,55.900001525878906,55.5,55.900001525878906,55.900001525878906,66000
2023-07-21 12:44:00+08:00,55.900001525878906,56.29999923706055,55.900001525878906,56.29999923706055,56.29999923706055,286010
2023-07-21 12:45:00+08:00,56.29999923706055,56.400001525878906,56.0,56.0,56.0,165122
2023-07-21 12:46:00+08:00,56.099998474121094,56.20000076293945,56.0,56.20000076293945,56.20000076293945,79300
2023-07-21 12:47:00+08:00,56.20000076293945,56.29999923706055,56.0,56.20000076293945,56.20000076293945,68018
2023-07-21 12:48:00+08:00,56.099998474121094,56.20000076293945,56.099998474121094,56.20000076293945,56.20000076293945,21050
2023-07-21 12:49:00+08:00,56.099998474121094,56.29999923706055,56.099998474121094,56.099998474121094,56.099998474121094,89000
2023-07-21 12:50:00+08:00,56.099998474121094,56.20000076293945,55.79999923706055,55.900001525878906,55.900001525878906,95040
2023-07-21 12:51:00+08:00,56.0,56.0,55.70000076293945,55.70000076293945,55.70000076293945,70045
2023-07-21 12:52:00+08:00,55.599998474121094,55.70000076293945,55.5,55.5,55.5,46000
2023-07-21 12:53:00+08:00,55.5,55.5,55.099998474121094,55.099998474121094,55.099998474121094,108085
2023-07-21 12:54:00+08:00,55.099998474121094,55.5,55.099998474121094,55.5,55.5,73330
2023-07-21 12:55:00+08:00,55.5,55.599998474121094,55.400001525878906,55.599998474121094,55.599998474121094,35500
2023-07-21 12:56:00+08:00,55.70000076293945,55.900001525878906,55.599998474121094,55.79999923706055,55.79999923706055,57000
2023-07-21 12:57:00+08:00,55.900001525878906,56.0,55.79999923706055,55.79999923706055,55.79999923706055,35055
2023-07-21 12:58:00+08:00,55.79999923706055,55.79999923706055,55.70000076293945,55.70000076293945,55.70000076293945,41217
2023-07-21 12:59:00+08:00,55.599998474121094,55.70000076293945,55.599998474121094,55.70000076293945,55.70000076293945,21032
2023-07-21 13:00:00+08:00,55.70000076293945,55.70000076293945,55.599998474121094,55.70000076293945,55.70000076293945,25000
2023-07-21 13:01:00+08:00,55.70000076293945,55.79999923706055,55.599998474121094,55.70000076293945,55.70000076293945,39000
2023-07-21 13:02:00+08:00,55.70000076293945,55.70000076293945,55.599998474121094,55.70000076293945,55.70000076293945,10000
2023-07-21 13:03:00+08:00,55.70000076293945,55.70000076293945,55.5,55.599998474121094,55.599998474121094,44171
2023-07-21 13:04:00+08:00,55.599998474121094,55.79999923706055,55.5,55.79999923706055,55.79999923706055,85010
2023-07-21 13:05:00+08:00,55.70000076293945,56.099998474121094,55.70000076293945,56.099998474121094,56.099998474121094,229610
2023-07-21 13:06:00+08:00,56.099998474121094,56.20000076293945,56.099998474121094,56.099998474121094,56.099998474121094,147200
2023-07-21 13:07:00+08:00,56.20000076293945,56.20000076293945,56.099998474121094,56.20000076293945,56.20000076293945,91420
2023-07-21 13:08:00+08:00,56.20000076293945,56.20000076293945,56.0,56.099998474121094,56.099998474121094,67295
2023-07-21 13:09:00+08:00,56.099998474121094,56.099998474121094,55.70000076293945,55.900001525878906,55.900001525878906,127423
2023-07-21 13:10:00+08:00,55.79999923706055,55.79999923706055,55.599998474121094,55.79999923706055,55.79999923706055,90030
2023-07-21 13:11:00+08:00,55.79999923706055,55.79999923706055,55.70000076293945,55.79999923706055,55.79999923706055,34065
2023-07-21 13:12:00+08:00,55.79999923706055,55.79999923706055,55.70000076293945,55.70000076293945,55.70000076293945,19300
2023-07-21 13:13:00+08:00,55.70000076293945,55.79999923706055,55.70000076293945,55.79999923706055,55.79999923706055,27004
2023-07-21 13:14:00+08:00,55.79999923706055,55.79999923706055,55.70000076293945,55.70000076293945,55.70000076293945,44893
2023-07-21 13:15:00+08:00,55.79999923706055,55.79999923706055,55.599998474121094,55.70000076293945,55.70000076293945,104100
2023-07-21 13:16:00+08:00,55.599998474121094,55.70000076293945,55.599998474121094,55.599998474121094,55.599998474121094,101713
2023-07-21 13:17:00+08:00,55.599998474121094,55.70000076293945,55.599998474121094,55.70000076293945,55.70000076293945,52050
2023-07-21 13:18:00+08:00,55.599998474121094,55.70000076293945,55.5,55.5,55.5,116500
2023-07-21 13:19:00+08:00,55.5,55.599998474121094,55.5,55.5,55.5,75068
2023-07-21 13:20:00+08:00,55.5,55.599998474121094,55.400001525878906,55.5,55.5,155999
2023-07-21 13:21:00+08:00,55.400001525878906,55.900001525878906,55.400001525878906,55.900001525878906,55.900001525878906,330999
2023-07-21 13:22:00+08:00,55.900001525878906,56.099998474121094,55.599998474121094,55.900001525878906,55.900001525878906,172050
2023-07-21 13:23:00+08:00,55.900001525878906,56.0,55.79999923706055,55.900001525878906,55.900001525878906,238400
2023-07-21 13:24:00+08:00,55.900001525878906,56.29999923706055,55.79999923706055,56.29999923706055,56.29999923706055,477090
2023-07-21 13:25:00+08:00,56.20000076293945,56.29999923706055,56.20000076293945,56.29999923706055,56.29999923706055,3674
